Workbook

Sheet Resumo
B2: Campanha Suprema — Bunge Profissional
B3: Análise consolidada de resultados · Período da campanha: 10/08 a 14/09/2026
B5: Indicador | C5: Período Anterior | D5: Período da Campanha | E5: Variação | F5: Observação
B6: Clientes ativos (positivação) | C6: ='Base Períodos'!$D$2 -> 318 | D6: ='Base Períodos'!$D$3 -> 397 | E6: =IFERROR((D6-C6)/C6,"") -> 0.24842767 | F6: Meta coletiva: +100 novas positivações
B7: Faturamento (R$) | C7: ='Base Períodos'!$B$2 -> 415591.81 | D7: ='Base Períodos'!$B$3 -> 530738.07 | E7: =IFERROR((D7-C7)/C7,"") -> 0.27706576
B8: Volume (Kg) | C8: ='Base Períodos'!$C$2 -> 136636.92 | D8: ='Base Períodos'!$C$3 -> 176307.36 | E8: =IFERROR((D8-C8)/C8,"") -> 0.29033471
B9: Ticket médio (R$/cliente) | C9: =C7/C6 -> 1306.8925 | D9: =D7/D6 -> 1336.8717 | E9: =IFERROR((D9-C9)/C9,"") -> 0.022939323
B12: Meta Coletiva de Positivação
B14: Meta definida (novas positivações) | C14: 100
B15: Novas positivações realizadas | C15: =D6-C6 -> 79
B16: Faltaram para a meta | C16: =MAX(C14-C15,0) -> 21
B17: % da meta atingida | C17: =C15/C14 -> 0.79
B18: Meta atingida? | C18: =IF(C15>=C14,"Sim","Não") -> Não
B21: Meta Individual de Vendedores
B23: Meta individual (novos clientes/vendedor) | C23: 4
B24: Vendedores com movimentação no período | C24: =COUNTA('Positivação por Representante'!B2:B189) -> 188
B25: Vendedores que bateram a meta individual | C25: =COUNTIF('Positivação por Representante'!F2:F189,"Sim") -> 7
B26: % de vendedores na meta | C26: =C25/C24 -> 0.037234043
B29: Premiação
B31: Total distribuído (R$) | C31: =SUM('Ranking Premiados'!H2:H13) -> 9500
B32: Prêmios concedidos (ranking + bônus) | C32: =COUNT('Ranking Premiados'!H2:H13) -> 11
B35: Fonte: APURAÇÃO - Bunge (planilha original), abas "PERÍODO DA CAMPANHA", "PERÍODO ANTERIOR", "BASE PERÍODO ANTERIOR" e "BASE DO PERÍODO DA CAMPANHA". Escopo de produtos: SKUs 992, 802 e 7696 (linha Bunge Profissional). Nota: 3 vendedores (Karylane Karen, Paulo Barreto e Jamilly Chaves) receberam prêmio tanto no ranking geral quanto no bônus de positivação — por isso "Prêmios concedidos" (11) é maior que o número de vendedores premiados (8).

Sheet Base Períodos
A1: Período | B1: Faturamento (R$) | C1: Volume (Kg) | D1: Clientes Distintos
A2: Período Anterior | B2: 415591.81 | C2: 136636.92 | D2: 318
A3: Período da Campanha | B3: 530738.07 | C3: 176307.36 | D3: 397
A5: Fonte: Totais Geral das tabelas dinâmicas das abas "PERÍODO ANTERIOR" e "PERÍODO DA CAMPANHA" da planilha original (valores oficiais, tratados como fonte de verdade em relação às linhas individuais, que contêm quebras de referência do tipo VLOOKUP).

Sheet Ranking Premiados
A1: Posição | B1: Representante | C1: Clientes Antes | D1: Clientes Campanha | E1: Novas Positivações | F1: Crescimento Volume | G1: Pontos Final | H1: Premiação (R$)
A2: 1° | B2: NATALIA ALBIERI-988 | C2: 70 | D2: 86 | E2: =D2-C2 -> 16 | F2: 1.9707687 | G2: 14574.5 | H2: 2000
A3: 2° | B3: DANIELA SOUSA-4999 | C3: 26 | D3: 40 | E3: =D3-C3 -> 14 | F3: 0.44034769 | G3: 4336.3 | H3: 1500
A4: 3° | B4: KARYLANE KAREN | C4: 15 | D4: 36 | E4: =D4-C4 -> 21 | F4: 0.1086888 | G4: 4224 | H4: 1000
A5: 4° | B5: PAULO BARRETO-898 | C5: 10 | D5: 30 | E5: =D5-C5 -> 20 | F5: 4.168096 | G5: 2772 | H5: 900
A6: 5° | B6: MARCELO BAGLIONE-5801 | C6: 13 | D6: 20 | E6: =D6-C6 -> 7 | F6: 0.30095743 | G6: 2173.3 | H6: 800
A7: 6º | B7: ELISANGELA SANTOS-4823 | C7: 7 | D7: 12 | E7: =D7-C7 -> 5 | F7: 0.40370259 | G7: 2132.1 | H7: 700
A8: 7º | B8: JAMILLY CHAVES | C8: 12 | D8: 32 | E8: =D8-C8 -> 20 | F8: 1.6959048 | G8: 1992 | H8: 600
A9: 8º | B9: MIRELA MONTEIRO-4101 | C9: 18 | D9: 26 | E9: =D9-C9 -> 8 | F9: 0.31803452 | G9: 1792.2 | H9: 500
B10: Bônus | E10: =D10-C10 -> 0
A11: 1º | B11: KARYLANE KAREN | C11: 15 | D11: 36 | E11: =D11-C11 -> 21 | F11: 0.1086888 | G11: 4224 | H11: 500
A12: 2º | B12: PAULO BARRETO-898 | C12: 10 | D12: 30 | E12: =D12-C12 -> 20 | F12: 4.168096 | G12: 2772 | H12: 500
A13: 3º | B13: JAMILLY CHAVES | C13: 12 | D13: 32 | E13: =D13-C13 -> 20 | F13: 1.6959048 | G13: 1992 | H13: 500
B14: Total | H14: =SUM(H2:H13) -> 9500
A16: Fonte: aba "FINAL" da planilha original (tabela de ranking/premiação, colunas L a V). Inclui o ranking geral (1º a 8º lugar) e o bônus de positivação (1º a 3º lugar), que pode repetir representantes já premiados no ranking geral.

Sheet Positivação por Representante
A1: # | B1: Representante | C1: Clientes Antes | D1: Clientes Campanha | E1: Novas Positivações | F1: Bateu Meta Individual (+4)?
A2: 1 | B2: ADRIANA ALVEZ-3596 | C2: 1 | D2: 1 | E2: =D2-C2 -> 0 | F2: =IF(E2>=Resumo!$C$23,"Sim","Não") -> Não
A3: 2 | B3: ADRIANA APARECIDA-4793 | C3: 3 | D3: 3 | E3: =D3-C3 -> 0 | F3: =IF(E3>=Resumo!$C$23,"Sim","Não") -> Não
A4: 3 | B4: ADRIANA AZEVEDO-4185 | C4: 0 | D4: 1 | E4: =D4-C4 -> 1 | F4: =IF(E4>=Resumo!$C$23,"Sim","Não") -> Não
A5: 4 | B5: ADRIANA MACHADO-4363 | C5: 1 | D5: 1 | E5: =D5-C5 -> 0 | F5: =IF(E5>=Resumo!$C$23,"Sim","Não") -> Não
A6: 5 | B6: ALEX CASAGRANDE-3902 | C6: 1 | D6: 1 | E6: =D6-C6 -> 0 | F6: =IF(E6>=Resumo!$C$23,"Sim","Não") -> Não
A7: 6 | B7: ALEXANDRE ABADE-2662 | C7: 4 | D7: 4 | E7: =D7-C7 -> 0 | F7: =IF(E7>=Resumo!$C$23,"Sim","Não") -> Não
A8: 7 | B8: ALEXANDRE PAVAN-928 | C8: 1 | D8: 1 | E8: =D8-C8 -> 0 | F8: =IF(E8>=Resumo!$C$23,"Sim","Não") -> Não
A9: 8 | B9: ALEXANDRE RIBEIRO-4884 | C9: 1 | D9: 1 | E9: =D9-C9 -> 0 | F9: =IF(E9>=Resumo!$C$23,"Sim","Não") -> Não
A10: 9 | B10: ANA STELLA-1720 | C10: 1 | D10: 1 | E10: =D10-C10 -> 0 | F10: =IF(E10>=Resumo!$C$23,"Sim","Não") -> Não
A11: 10 | B11: ANDERSON BIONDI-3779 | C11: 0 | D11: 1 | E11: =D11-C11 -> 1 | F11: =IF(E11>=Resumo!$C$23,"Sim","Não") -> Não
A12: 11 | B12: ANTONIO AUGUSTO-1526 | C12: 2 | D12: 1 | E12: =D12-C12 -> -1 | F12: =IF(E12>=Resumo!$C$23,"Sim","Não") -> Não
A13: 12 | B13: ANTONIO ULLER-1716 | C13: 0 | D13: 1 | E13: =D13-C13 -> 1 | F13: =IF(E13>=Resumo!$C$23,"Sim","Não") -> Não
... A189: 188 | B189: WELLINGTON ANGONESE-3823 | C189: 1 | D189: 0 | E189: =D189-C189 -> -1 | F189: =IF(E189>=Resumo!$C$23,"Sim","Não") -> Não
A191: Total de representantes com movimentação (período anterior e/ou campanha): 188 · Fonte: bases transacionais "BASE PERÍODO ANTERIOR" e "BASE DO PERÍODO DA CAMPANHA", contagem de clientes distintos por representante (coluna "Digitador").
